Id,Risk
0,Risk
1,No Risk
2,Risk
3,Risk
4,Risk
5,No Risk
6,Risk
7,Risk
8,Risk
9,Risk
10,Risk
11,Risk
12,Risk
13,Risk
14,No Risk
15,Risk
16,Risk
17,Risk
18,No Risk
19,Risk
20,No Risk
21,Risk
22,No Risk
23,No Risk
24,Risk
25,No Risk
26,Risk
27,No Risk
28,Risk
29,No Risk
30,Risk
31,Risk
32,Risk
33,Risk
34,Risk
35,Risk
36,Risk
37,Risk
38,Risk
39,Risk
40,No Risk
41,Risk
42,Risk
43,No Risk
44,No Risk
45,Risk
46,Risk
47,Risk
48,No Risk
49,No Risk
50,No Risk
51,Risk
52,Risk
53,No Risk
54,Risk
55,Risk
56,Risk
57,Risk
58,No Risk
59,No Risk
60,Risk
61,Risk
62,Risk
63,Risk
64,Risk
65,Risk
66,Risk
67,No Risk
68,Risk
69,Risk
70,Risk
71,Risk
72,Risk
73,Risk
74,No Risk
75,Risk
76,Risk
77,Risk
78,Risk
79,Risk
80,Risk
81,Risk
82,No Risk
83,No Risk
84,No Risk
85,Risk
86,No Risk
87,No Risk
88,Risk
89,Risk
90,No Risk
91,Risk
92,No Risk
93,Risk
94,Risk
95,Risk
96,Risk
97,Risk
98,Risk
99,No Risk
100,Risk
101,Risk
102,Risk
103,Risk
104,No Risk
105,Risk
106,Risk
107,Risk
108,Risk
109,No Risk
110,No Risk
111,Risk
112,Risk
113,Risk
114,No Risk
115,Risk
116,Risk
117,No Risk
118,Risk
119,No Risk
120,Risk
121,Risk
122,Risk
123,Risk
124,Risk
125,No Risk
126,Risk
127,No Risk
128,No Risk
129,Risk
130,Risk
131,Risk
132,No Risk
133,No Risk
134,Risk
135,No Risk
136,Risk
137,No Risk
138,Risk
139,Risk
140,Risk
141,No Risk
142,Risk
143,Risk
144,Risk
145,No Risk
146,Risk
147,Risk
148,Risk
149,No Risk
150,Risk
151,No Risk
152,Risk
153,Risk
154,No Risk
155,Risk
156,No Risk
157,Risk
158,Risk
159,Risk
160,Risk
161,Risk
162,Risk
163,No Risk
164,Risk
165,Risk
166,Risk
167,Risk
168,Risk
169,Risk
170,Risk
171,Risk
172,Risk
173,Risk
174,No Risk
175,Risk
176,Risk
177,Risk
178,Risk
179,No Risk
180,Risk
181,Risk
182,Risk
183,No Risk
184,Risk
185,Risk
186,Risk
187,Risk
188,Risk
189,No Risk
190,Risk
191,Risk
192,No Risk
193,Risk
194,No Risk
195,Risk
196,Risk
197,Risk
198,No Risk
199,No Risk
200,No Risk
201,No Risk
202,No Risk
203,Risk
204,Risk
205,Risk
206,Risk
207,Risk
208,Risk
209,Risk
210,Risk
211,No Risk
212,No Risk
213,No Risk
214,Risk
215,Risk
216,No Risk
217,No Risk
218,Risk
219,Risk
220,Risk
221,Risk
222,Risk
223,Risk
224,No Risk
225,No Risk
226,Risk
227,Risk
228,No Risk
229,Risk
230,Risk
231,No Risk
232,No Risk
233,Risk
234,Risk
235,Risk
236,Risk
237,Risk
238,Risk
239,Risk
240,Risk
241,No Risk
242,Risk
243,Risk
244,Risk
245,Risk
246,Risk
247,Risk
248,Risk
249,No Risk
250,No Risk
251,No Risk
252,No Risk
253,Risk
254,No Risk
255,No Risk
256,No Risk
257,Risk
258,Risk
259,Risk
260,Risk
261,No Risk
262,Risk
263,Risk
264,Risk
265,Risk
266,Risk
267,Risk
268,No Risk
269,Risk
270,Risk
271,No Risk
272,No Risk
273,Risk
274,Risk
275,Risk
276,Risk
277,Risk
278,No Risk
279,Risk
280,Risk
281,Risk
282,No Risk
283,Risk
284,Risk
285,Risk
286,Risk
287,No Risk
288,No Risk
289,No Risk
290,No Risk
291,No Risk
292,No Risk
293,Risk
294,Risk
295,Risk
296,Risk
297,Risk
298,No Risk
299,Risk
300,Risk
301,Risk
302,Risk
303,Risk
304,No Risk
305,Risk
306,Risk
307,Risk
308,No Risk
309,No Risk
310,Risk
311,Risk
312,No Risk
313,Risk
314,No Risk
315,Risk
316,Risk
317,Risk
318,Risk
319,Risk
320,No Risk
321,No Risk
322,Risk
323,Risk
324,Risk
325,No Risk
326,Risk
327,Risk
328,Risk
329,Risk
330,Risk
331,Risk
332,No Risk
333,No Risk
334,No Risk
335,Risk
336,No Risk
337,No Risk
338,Risk
339,Risk
340,Risk
341,Risk
342,No Risk
343,Risk
344,Risk
345,Risk
346,Risk
347,No Risk
348,Risk
349,Risk
350,Risk
351,No Risk
352,Risk
353,Risk
354,No Risk
355,No Risk
356,Risk
357,Risk
358,Risk
359,Risk
360,Risk
361,Risk
362,Risk
363,Risk
364,No Risk
365,Risk
366,Risk
367,Risk
368,Risk
369,No Risk
370,Risk
371,No Risk
372,Risk
373,No Risk
374,Risk
375,Risk
376,Risk
377,Risk
378,No Risk
379,Risk
380,Risk
381,Risk
382,Risk
383,Risk
384,Risk
385,Risk
386,Risk
387,Risk
388,No Risk
389,No Risk
390,No Risk
391,Risk
392,Risk
393,Risk
394,Risk
395,Risk
396,Risk
397,Risk
398,No Risk
399,Risk
400,Risk
401,Risk
402,Risk
403,Risk
404,Risk
405,Risk
406,Risk
407,Risk
408,Risk
409,Risk
410,Risk
411,Risk
412,Risk
413,No Risk
414,Risk
415,No Risk
416,No Risk
417,Risk
418,Risk
419,Risk
420,Risk
421,No Risk
422,No Risk
423,Risk
424,Risk
425,No Risk
426,No Risk
427,No Risk
428,No Risk
429,No Risk
430,Risk
431,Risk
432,No Risk
433,No Risk
434,No Risk
435,Risk
436,Risk
437,Risk
438,Risk
439,No Risk
440,Risk
441,No Risk
442,Risk
443,Risk
444,Risk
445,No Risk
446,Risk
447,Risk
448,Risk
449,Risk
450,Risk
451,Risk
452,Risk
453,Risk
454,Risk
455,Risk
456,Risk
457,Risk
458,Risk
459,Risk
460,Risk
461,Risk
462,No Risk
463,No Risk
464,Risk
465,Risk
466,Risk
467,Risk
468,No Risk
469,Risk
470,No Risk
471,No Risk
472,Risk
473,Risk
474,Risk
475,No Risk
476,No Risk
477,Risk
478,Risk
479,Risk
480,Risk
481,Risk
482,No Risk
483,Risk
484,No Risk
485,Risk
486,No Risk
487,Risk
488,Risk
489,Risk
490,Risk
491,Risk
492,Risk
493,Risk
494,Risk
495,Risk
496,Risk
497,Risk
498,Risk
499,Risk
500,Risk
501,No Risk
502,Risk
503,Risk
504,Risk
505,Risk
506,Risk
507,Risk
508,Risk
509,No Risk
510,Risk
511,Risk
512,Risk
513,Risk
514,No Risk
515,Risk
516,Risk
517,Risk
518,Risk
519,Risk
520,Risk
521,No Risk
522,No Risk
523,Risk
524,Risk
525,Risk
526,Risk
527,No Risk
528,Risk
529,Risk
530,Risk
531,Risk
532,No Risk
533,Risk
534,Risk
535,Risk
536,Risk
537,Risk
538,Risk
539,Risk
540,Risk
541,Risk
542,Risk
543,Risk
544,Risk
545,No Risk
546,Risk
547,No Risk
548,Risk
549,Risk
550,Risk
551,Risk
552,Risk
553,Risk
554,No Risk
555,No Risk
556,No Risk
557,Risk
558,Risk
559,Risk
560,No Risk
561,Risk
562,No Risk
563,Risk
564,Risk
565,Risk
566,Risk
567,Risk
568,Risk
569,Risk
570,Risk
571,No Risk
572,Risk
573,Risk
574,No Risk
575,Risk
576,No Risk
577,No Risk
578,Risk
579,Risk
580,No Risk
581,No Risk
582,Risk
583,Risk
584,Risk
585,No Risk
586,Risk
587,Risk
588,Risk
589,Risk
590,Risk
591,No Risk
592,Risk
593,No Risk
594,Risk
595,No Risk
596,Risk
597,Risk
598,Risk
599,Risk
600,No Risk
601,Risk
602,Risk
603,Risk
604,Risk
605,Risk
606,Risk
607,Risk
608,Risk
609,No Risk
610,Risk
611,Risk
612,Risk
613,No Risk
614,Risk
615,No Risk
616,Risk
617,Risk
618,Risk
619,Risk
620,Risk
621,Risk
622,No Risk
623,No Risk
624,Risk
625,Risk
626,No Risk
627,Risk
628,Risk
629,Risk
630,No Risk
631,Risk
632,Risk
633,Risk
634,No Risk
635,Risk
636,Risk
637,Risk
638,Risk
639,Risk
640,Risk
641,Risk
642,No Risk
643,Risk
644,Risk
645,Risk
646,Risk
647,Risk
648,Risk
649,Risk
650,Risk
651,Risk
652,Risk
653,No Risk
654,Risk
655,Risk
656,Risk
657,Risk
658,No Risk
659,Risk
660,Risk
661,Risk
662,No Risk
663,Risk
664,No Risk
665,No Risk
666,Risk
667,Risk
668,Risk
669,No Risk
670,Risk
671,Risk
672,Risk
673,Risk
674,Risk
675,No Risk
676,Risk
677,Risk
678,No Risk
679,Risk
680,Risk
681,Risk
682,No Risk
683,Risk
684,Risk
685,Risk
686,No Risk
687,Risk
688,No Risk
689,Risk
690,Risk
691,Risk
692,Risk
693,No Risk
694,No Risk
695,Risk
696,Risk
697,Risk
698,Risk
699,No Risk
700,Risk
701,Risk
702,Risk
703,Risk
704,Risk
705,Risk
706,Risk
707,No Risk
708,Risk
709,No Risk
710,No Risk
711,Risk
712,Risk
713,Risk
714,No Risk
715,Risk
716,No Risk
717,Risk
718,Risk
719,Risk
720,Risk
721,No Risk
722,Risk
723,Risk
724,Risk
725,Risk
726,No Risk
727,Risk
728,No Risk
729,No Risk
730,Risk
731,No Risk
732,No Risk
733,Risk
734,Risk
735,Risk
736,Risk
737,Risk
738,Risk
739,Risk
740,Risk
741,No Risk
742,Risk
743,Risk
744,Risk
745,Risk
746,Risk
747,Risk
748,Risk
749,Risk
750,Risk
751,Risk
752,Risk
753,Risk
754,No Risk
755,Risk
756,No Risk
757,Risk
758,Risk
759,Risk
760,No Risk
761,Risk
762,Risk
763,Risk
764,No Risk
765,Risk
766,Risk
767,No Risk
768,Risk
769,Risk
770,Risk
771,Risk
772,Risk
773,Risk
774,Risk
775,Risk
776,No Risk
777,Risk
778,No Risk
779,Risk
780,Risk
781,Risk
782,Risk
783,Risk
784,Risk
785,No Risk
786,No Risk
787,Risk
788,Risk
789,No Risk
790,No Risk
791,No Risk
792,Risk
793,Risk
794,Risk
795,No Risk
796,Risk
797,Risk
798,Risk
799,Risk
800,Risk
801,Risk
802,Risk
803,Risk
804,Risk
805,No Risk
806,No Risk
807,Risk
808,Risk
809,Risk
810,Risk
811,Risk
812,Risk
813,No Risk
814,Risk
815,Risk
816,Risk
817,No Risk
818,Risk
819,No Risk
820,Risk
821,Risk
822,Risk
823,Risk
824,No Risk
825,Risk
826,Risk
827,No Risk
828,No Risk
829,No Risk
830,Risk
831,No Risk
832,No Risk
833,Risk
834,No Risk
835,Risk
836,Risk
837,Risk
838,Risk
839,Risk
840,Risk
841,Risk
842,Risk
843,Risk
844,Risk
845,Risk
846,Risk
847,Risk
848,Risk
849,No Risk
850,Risk
851,Risk
852,Risk
853,Risk
854,Risk
855,No Risk
856,Risk
857,Risk
858,Risk
859,Risk
860,Risk
861,No Risk
862,Risk
863,Risk
864,Risk
865,Risk
866,Risk
867,No Risk
868,Risk
869,Risk
870,No Risk
871,Risk
872,Risk
873,Risk
874,Risk
875,Risk
876,Risk
877,Risk
878,Risk
879,No Risk
880,Risk
881,Risk
882,Risk
883,No Risk
884,No Risk
885,Risk
886,Risk
887,Risk
888,No Risk
889,No Risk
890,Risk
891,Risk
892,No Risk
893,Risk
894,No Risk
895,Risk
896,Risk
897,Risk
898,Risk
899,Risk
900,Risk
901,Risk
902,Risk
903,Risk
904,Risk
905,Risk
906,No Risk
907,No Risk
908,Risk
909,No Risk
910,Risk
911,No Risk
912,No Risk
913,No Risk
914,No Risk
915,Risk
916,Risk
917,Risk
918,Risk
919,No Risk
920,Risk
921,No Risk
922,Risk
923,Risk
924,Risk
925,Risk
926,No Risk
927,No Risk
928,Risk
929,Risk
930,Risk
931,No Risk
932,No Risk
933,Risk
934,Risk
935,Risk
936,Risk
937,Risk
938,Risk
939,Risk
940,Risk
941,Risk
942,Risk
943,No Risk
944,Risk
945,Risk
946,Risk
947,No Risk
948,Risk
949,No Risk
950,Risk
951,Risk
952,No Risk
953,Risk
954,Risk
955,Risk
956,No Risk
957,No Risk
958,Risk
959,Risk
960,No Risk
961,No Risk
962,Risk
963,Risk
964,Risk
965,Risk
966,No Risk
967,No Risk
968,No Risk
969,No Risk
970,Risk
971,No Risk
972,Risk
973,No Risk
974,No Risk
975,Risk
976,Risk
977,Risk
978,No Risk
979,No Risk
980,Risk
981,No Risk
982,Risk
983,Risk
984,Risk
985,Risk
986,No Risk
987,Risk
988,Risk
989,Risk
990,Risk
991,Risk
992,Risk
993,Risk
994,Risk
995,No Risk
996,Risk
997,Risk
998,Risk
999,No Risk
1000,Risk
